SampleID	Reads_raw	Reads_filtered	Quality_raw	Quality_filtered	Length_raw	Length_filtered	SD_raw	SD_filtered
1	174189	50000	20.6	21.5	1486.5	1489.7	329.4	68.3
2	224374	50000	20.6	21.6	1544.7	1496.7	426.6	73.7
3	254269	50000	20.6	21.5	1516.8	1482.4	399.8	73
4	206615	50000	20.5	21.6	1553.4	1496.9	476.2	63.3
5	204658	50000	20.6	21.4	1480.4	1487.7	326.2	66.2
6	264269	50000	20.6	21.5	1498.5	1516.5	287.4	65
7	180475	50000	20.5	21.5	1482.9	1513.1	274.9	66.8
8	141856	50000	20.3	21.3	1457.7	1489.4	297.5	75.9
9	149445	50000	20.6	21.3	1506.9	1493.6	431.9	69.3
10	203910	50000	20.8	21.5	1522.3	1510.3	330.4	68.9
11	232529	50000	20.8	21.5	1550.8	1526.9	537.3	57.8
12	274787	50000	21.9	22.4	1556.7	1534.3	410.5	52.9
13	229769	50000	21	21.7	1480	1477.9	271.7	70
14	225695	50000	20.8	21.5	1477.6	1483.7	967.2	74.1
15	174528	50000	20.5	21.3	1496.7	1482.7	687.5	68
16	223367	50000	20.5	21.6	1464.2	1487.6	295.9	66.9
17	175732	50000	20.4	21.4	1473.8	1478.3	348.2	69.4
18	200596	50000	20.5	21.4	1524	1472.4	449.6	65.5
19	149470	50000	20.1	21.3	1506.7	1503.2	416.1	66.7
20	168313	50000	20.5	21.4	1463.4	1477.4	325.7	66.2
21	174996	50000	20.7	21.5	1475.7	1494.7	273.2	67.1
22	149973	50000	20.9	21.7	1482.2	1480.1	313.1	70.1
23	131198	50000	20.8	21.7	1506.5	1479.3	388.3	64.5
24	223328	50000	21.2	21.8	1514.2	1490.8	1130.6	72.3
25	189867	50000	20.7	21.5	1521.3	1510.7	321.6	60.9
26	13140	10893	13.1	13.7	1426.2	1460	322.2	44.3
27	14219	11219	11.3	12.2	1477.5	1475.1	485.8	26.2
28	13620	11347	12.2	13	1447.7	1477.3	312.5	25.4
29	19275	17061	13.3	13.9	1469.7	1486.7	272.7	42.6
30	24831	19711	11.3	12.2	1478.4	1476.9	520.6	26.6
31	17596	14929	13.2	13.8	1428.4	1453.8	287.7	41.4
32	12076	10219	13.1	13.7	1415.9	1456.4	261.7	45.9
33	25178	20371	12.1	13	1443.6	1477.3	352.8	31.2
34	20133	15607	11.3	12.2	1461.9	1476.2	446.2	25.9
35	9808	7361	13.2	13.7	1323.1	1448.8	409.6	46.9
36	11684	8683	11.2	12.2	1469.6	1482.1	478.5	33.7
37	25790	20689	11.3	12.2	1479	1468	433.7	30.8
38	11637	9583	11.4	12.3	1491.6	1476.4	425.5	26.4
39	17569	13918	11.3	12.2	1465.6	1475.7	389.9	29.1
40	16634	14665	13.2	13.8	1441.5	1459.8	279.9	42.3
41	21562	17533	11.4	12.3	1480.1	1480.2	399.4	27.5
42	20630	18114	13.2	13.9	1468.7	1479.5	279.2	45
43	25544	20343	11.3	12.2	1474.8	1473.3	434.4	27.8
44	21489	18585	13.1	13.7	1443.4	1464.1	276.7	41.9
45	21658	16927	11.3	12.2	1463.4	1478	427.6	30.7
46	27327	21470	11.3	12.2	1485.6	1485.2	486.7	31.1
47	30459	24407	11.3	12.2	1479.5	1474.9	445	28.1
48	11866	10399	13.1	13.8	1451	1473	258.4	45.2
49	20695	17908	13.2	13.8	1429.9	1457.2	254	42.7
50	19645	17112	13.2	13.8	1450.6	1463.5	286.1	37.1
51	17631	13279	11.2	12.2	1468.8	1471.6	565.9	27.7
52	23724	19176	11.4	12.3	1488.9	1483.3	469	30.2
53	15429	11637	11.3	12.2	1449.1	1470.8	466.2	31.5
54	15920	13745	13.2	13.8	1442	1456.6	284	42.3
55	13958	11738	12.1	12.9	1467.6	1479.5	330.8	26.3
56	20402	17909	13.1	13.8	1445	1466.8	255.4	36.6
57	14043	12154	13.1	13.7	1431.3	1458.1	273.1	43.4
58	28598	24305	13	13.6	1416.6	1459.6	304.6	40.3
59	35509	27463	11.3	12.2	1454.1	1480.1	471.4	30.1
60	23075	20238	13.2	13.8	1452.1	1460.8	266.1	45.3
61	21369	18721	13.1	13.8	1439.7	1458	258.5	45
62	21993	18133	12.2	13	1449.4	1480.6	344.8	31.1
63	11889	9382	11.2	12.2	1482.2	1477.6	451	27.2
64	10167	8091	11.4	12.3	1481.6	1481.3	509.5	27.9
65	15272	11988	11.4	12.4	1463.9	1487.7	460.6	24.3
66	24549	20661	12.3	13.1	1456.3	1477.7	340.3	30.2
67	11043	9564	13.2	13.9	1426.8	1456.6	265.8	44
68	18635	14662	11.2	12.2	1480.6	1484.3	469.6	27.1
69	19675	15340	11.3	12.2	1490.5	1488.6	466.5	33.5
70	14816	12772	13.3	13.8	1444.4	1460.9	320.5	43.7
71	36097	31315	13.1	13.7	1440.5	1460.5	258.8	41.3
72	20260	17559	13.2	13.8	1439.8	1455	295.2	40.1
73	18256	15765	13.1	13.7	1436	1456.8	276.5	41.5
74	13355	10459	11.3	12.2	1466.7	1477	460.4	28.1
75	51608	26814	10.7	12	1251	1470.5	434.3	52.3
76	30920	18142	11	12.1	1264.2	1423.8	401.6	51.9
77	37537	25069	10.9	12.1	1373.9	1448.8	355	55.5
78	21202	6427	10.4	11.9	1045.6	1434.1	484	59.9
79	29746	18996	10.9	12.1	1332.9	1438.8	353.8	53.9
80	33303	19687	10.9	12	1305.2	1474.2	411.5	51.9
81	24123	12550	10.8	12	1232.1	1425.2	417	53.9
82	45330	27552	10.9	12	1311.7	1432.4	360.3	48.2
83	8518	5333	10.9	12	1315	1427.1	368.7	47.9
84	18683	10686	10.7	12	1305.6	1457.8	398.8	42.3
85	48759	24136	10.7	12	1204.6	1435.4	431.4	53.3
86	17365	9412	10.8	12	1277.5	1415.8	428.4	55.1
87	26259	15240	10.8	12	1307.8	1425.5	412.9	55.2
88	13744	8853	10.9	12.1	1345.8	1422.1	372.1	52.1
89	16197	6771	10.6	11.9	1127.8	1457.8	466.1	59.3
90	11945	7167	10.8	12	1294.5	1429.3	376.3	55.7
91	17636	7377	10.7	11.9	1111.1	1432.3	499.6	63.5
92	34159	21105	10.9	12	1318.4	1417.1	361.1	52.5
93	18130	10459	10.8	12	1327.3	1410.1	404.4	53.1
94	8265	4658	10.8	12	1302.4	1436.5	434.7	54.4
95	18543	9845	10.7	12	1233.1	1421.1	412.8	55
96	21730	14294	11	12.1	1322.6	1419.1	339.1	46.7
97	10176	6389	11	12	1322.3	1424.2	389.9	46
98	25763	15615	11	12.1	1274.5	1421.5	385.1	50.2
99	24723	14660	11.2	12.1	1252.6	1445.6	432.6	62.3
100	22272	10954	10.7	12	1249	1422	442	57.2
101	12472	6875	10.9	12	1251.9	1420.5	391.2	51.8
102	40716	28226	11	12.1	1388.1	1459.6	325.7	55.7
103	68712	42704	10.9	12	1323.2	1439.4	377.2	55
104	19050	10476	10.7	12	1264.8	1413.6	417.9	56.6
105	1854	1113	11	12.1	1270.1	1437.9	443.1	53.6
106	20366	10840	10.8	12.1	1254	1438.3	433.5	58.7
107	44975	28153	10.8	12	1341.5	1443.4	357.5	57.3
108	32362	21344	11	12.1	1333.1	1441.3	387.9	55.3
109	23838	9673	10.8	12	1099.3	1430.9	491.4	55.5
110	40286	22649	10.7	11.9	1287.1	1463	418.6	55.9
111	50025	33199	11	12.1	1330.1	1419.6	342.6	52.3
112	27416	14635	10.7	12	1269.9	1421	417.4	55.5
113	21093	13749	10.9	12	1323.2	1414.7	334	54.9
114	32704	19671	10.9	12	1281.1	1415.3	391.4	51.1
115	22514	10700	10.5	11.9	1280.7	1432.6	472.2	65.2
116	61470	36557	10.9	12	1301.7	1445.3	415	52.2
117	19328	9508	10.7	11.9	1205.2	1434.6	431.7	60
118	18315	9830	10.7	12.1	1367.4	1434.7	487.6	54.7
119	24796	16382	10.9	12	1349.8	1437.9	339.8	53.5
120	14883	7267	10.6	12	1216.9	1413.4	419.6	57.4
121	10491	3551	10.4	11.9	1049.8	1439.3	477.8	53.4
122	6123	1608	10.2	11.9	1018.6	1444.2	468.5	63.4
123	23784	3983	11.4	12.1	1085.1	1455.1	668.1	98.6
124	17497	9169	10.6	12	1233.6	1415.3	403.8	57.7
125	43655	28769	10.9	12.1	1347.7	1430.7	324	51.2
126	21224	14050	11.1	12.1	1330.3	1413.4	334.4	49.4
127	109064	69791	10.9	12	1351.5	1456.2	375.8	57.5
128	22418	14341	10.9	12	1332.2	1426	344	49.6
129	4785	2786	10.8	12	1278.4	1405.6	374.8	56.6
130	24451	13053	10.7	12	1338	1467.3	484.3	57.7
131	33921	22535	11	12.1	1344.7	1421.7	339.7	53.7
132	28225	18809	10.9	12.1	1350.1	1420.2	334.9	49
133	28333	15728	10.9	12	1238.5	1420.3	415.3	52.6
134	18557	10894	10.9	12	1265.1	1417.3	404.3	53.2
135	26445	13108	10.7	12	1224.6	1446.7	465.1	60.5
136	12169	6272	10.8	12	1220.3	1418.9	440.2	53.9
137	16705	7997	10.6	11.9	1246.4	1423	464.5	55.5
138	28238	18712	11	12.1	1343.7	1418.7	331.8	49.3
139	6648	2827	10.7	12	1144.5	1453	463.3	54
140	11774	5211	10.5	12	1231	1413	507.6	63.2
141	3790	1767	10.8	12	1239.5	1421.4	428.9	60.4
142	31082	13243	10.6	12	1222.9	1435.3	493.6	61.2
143	24138	14412	10.9	12.1	1285.5	1395.5	391.8	56.9
144	57723	36790	11	12.1	1365.5	1427	417.6	53.3
145	16806	9627	10.8	12	1297	1438.1	376.7	46.9
146	12152	4294	10.4	12	1087.5	1427.9	455	61.2
147	50827	30892	11	12.1	1328.2	1428.4	382.9	55.1
148	31209	21017	11.1	12.1	1363.1	1431.2	348.8	53.6
149	34376	21606	10.9	12	1379.6	1439.1	410.9	56.2
150	174142	50000	21.1	22.4	1415.4	1491.4	286.9	30.1
151	150791	50000	21.7	22.3	1434.5	1490.3	244.7	30.3
152	144587	50000	21.4	22.1	1410	1486.6	285.8	29.9
153	137219	50000	22.2	22.7	1452	1494.8	226	26.3
154	143498	50000	21.6	22.6	1449.6	1493.5	241.4	29
155	128550	50000	21.4	22.3	1451.5	1492.8	219.8	29.8
156	113449	50000	21.7	22.7	1459.2	1492.5	225.4	28.5
157	109064	50000	21.4	22.4	1455.1	1488.3	242.5	29
158	144406	50000	22	22.5	1455.3	1494.5	319.6	27.1
159	156978	50000	21.6	22.2	1417.3	1486.6	268	29.5
160	157364	50000	21.9	22.4	1437.6	1495.2	251.5	25.5
161	133554	50000	22	22.4	1463.2	1497.4	232.2	26.4
162	189279	50000	22	22.5	1456.6	1495.2	247.8	28
163	115264	50000	22	22.4	1463.5	1490.7	205.5	31.9
164	168475	50000	21.4	22	1439.8	1492.2	245.7	35.4
165	152429	50000	22.1	22.6	1459.5	1494.5	399	28.1
166	136920	50000	21.6	22.3	1420.4	1480.9	245.8	29.7
167	123011	50000	22.3	22.6	1466.4	1497.1	222.8	26
168	131381	50000	22	22.5	1445.3	1500.1	240.2	26.7
169	157900	50000	21.9	22.4	1449.6	1493.3	220.8	27.8
170	155724	50000	22	22.5	1456.9	1495.1	249.8	27.6
171	1542335	50000	22.4	22.7	1447.4	1496.7	265.9	24.7
172	107106	50000	21.6	22.1	1418.8	1472.2	242.4	32.9
173	104649	50000	22	22.6	1449.3	1490.9	241.9	30.2
174	140180	50000	21.9	22.6	1435.2	1492	240.2	28.3
175	162480	50000	21.9	22.3	1463.5	1471.2	191.5	28
176	248838	50000	21.2	21.9	1372.9	1482.7	325.7	29.1
177	158859	50000	22.1	22.6	1447.2	1492.8	244.2	27.5
178	192947	50000	21.2	22.2	1376	1492.6	348	32.7
179	163619	50000	21.2	21.9	1409.9	1481.2	283.5	33.1
180	160866	50000	21.6	22.2	1427.7	1489.6	246	31.6
181	130044	50000	22.3	22.7	1469.9	1494.7	205	27.4
182	162501	50000	21.9	22.5	1431.5	1491.6	272.7	26.9
183	133716	50000	21.7	22.6	1463.9	1482.3	206.8	25.1
184	135524	50000	21.5	22.4	1456.1	1491.9	208.9	27.2
185	141645	50000	21.3	22.3	1438.9	1494.1	367.3	29.9
186	230890	50000	20.1	21.7	1297.9	1486.1	363.6	34.4
187	140093	50000	21.3	22.1	1475.1	1493.3	174.9	29.1
188	133446	50000	21.8	22.6	1465.8	1496.6	211.6	24.4
189	122357	50000	21.4	22.2	1487.6	1500.9	179.9	30.3
190	147991	50000	21.6	22.5	1458.7	1496.9	235.3	28.6
191	104994	50000	21.2	22.5	1411.1	1491	278.3	31.5
192	128397	50000	21.6	22.6	1474.2	1494	221.2	29.7